<?xml version="1.0" encoding="UTF-8"?>
<project-private xmlns="http://www.netbeans.org/ns/project-private/1">
    <editor-bookmarks xmlns="http://www.netbeans.org/ns/editor-bookmarks/2" lastBookmarkId="0"/>
    <open-files xmlns="http://www.netbeans.org/ns/projectui-open-files/2">
        <group>
            <file>file:/C:/MCA/Grp_Project.X/usrTask.c</file>
            <file>file:/C:/MCA/Grp_Project.X/main.c</file>
            <file>file:/C:/MCA/Grp_Project.X/isr.c</file>
            <file>file:/C:/MCA/Grp_Project.X/motorTask.c</file>
            <file>file:/C:/MCA/Grp_Project.X/WaterLevel.c</file>
            <file>file:/C:/MCA/Grp_Project.X/timer.c</file>
            <file>file:/C:/MCA/Grp_Project.X/PWM.c</file>
            <file>file:/C:/MCA/Grp_Project.X/dspTask.c</file>
        </group>
    </open-files>
</project-private>
